{"cameraMode":{"drawMode":0,"name":"Shaded","section":"Shading Mode"},"sceneLighting":false,"audioPlay":false,"sceneViewState":{"showFog":true,"showMaterialUpdate":false,"showSkybox":false,"showFlares":true,"showImageEffects":true,"showParticleSystems":true},"in2DMode":false,"pivot":{"x":-237.93902587890626,"y":-323.8076477050781,"z":2.0308306217193605},"rotation":{"x":0.012897156178951264,"y":0.9862033128738403,"z":-0.09348445385694504,"w":0.13608026504516602},"size":256.4815368652344,"orthographic":false}